
[	
{

"icon":"img/2.jpg",
"title":"Sample Soap Shop",
"email": "soap@gmail.com",
"password":"hey",
"stripeAcct": "7898798787",
"date":"November 05, 1955",
"image":"img/2.jpg",
"description":"Here at Sample Shop 1 we offer homemade soap for a reasonable price. We offer a variety of soaps ranging from hand soap to dog shampoo. Click on the card to check out the store.",
"likes":10,
"comments":5,
"sales":[{
	"item": "nice soap",
	"buyer":"bob",
	"price": 3.00
	},
	{
	"item": "nice soap",
	"buyer":"sam",
	"price": 3.00
	}
	],
"items" : [
{
"name": "nice soap",
"image": "img/3.jpg",
"price": 3.00
},
{
"name": "better soap",
"image": "img/4.jpg",
"price": 9.00
},
{
"name": "very nice soap",
"image": "img/5.jpg",
"price": 7.00
}
]
}
,
{
	
"icon":"img/1.jpg",
"title":"Great Clothing Shop",
"email": "clothing@gmail.com",
"password":"hey",
"stripeAcct": "789868t7697868686",
"date":"November 05, 1955",
"image":"img/1.jpg",
"description":"Here at Great Clothing Shop 1 we offer homemade clothing for a reasonable price. We offer a variety of clothing ranging from t-shirts to jeans. Click on the card to check out the store.",
"likes":23,
"comments":8,
"sales":[{
	"item": "nice shirt",
	"buyer":"bob",
	"price": 23.00
	},
	{
	"item": "better shirt",
	"buyer":"sam",
	"price": 93.00
	}
	],

"items" : [
{
"name": "nice shirt",
"image": "img/6.jpg",
"price": 23.00
},
{
"name": "better shirt",
"image": "img/7.jpg",
"price": 93.00
},
{
"name": "very nice shirt",
"image": "img/8.jpg",
"price": 73.00
}
]

}
]

